"number","title","pageid","namespace","length","touched"
"1","Automated_theorem_proving","2546","","29200","20171004044858"
"2","Acceptance_testing","3233","","16735","20171024065632"
"3","Boolean_satisfiability_problem","4715","","53940","20171023190554"
"4","Computer_programming","5311","","21691","20171031110910"
"5","Computer_program","5783","","28740","20171102123005"
"6","Context-free_grammar","6759","","39421","20171030133054"
"7","Code_coverage","7030","","16777","20171029093959"
"8","Class_(computer_programming)","7392","","48824","20171028115056"
"9","Graphical_user_interface","12293","","29178","20171102181040"
"10","Hacker","13533","","25998","20171102153117"
"11","Kludge","16615","","23725","20171005135830"
"12","Lambda_calculus","18203","","76887","20171028004908"
"13","Multitier_architecture","20003","","12521","20171004070716"
"14","Software_engineering","27010","","38922","20171101041800"
"15","Software_Engineering_Institute","27011","","10754","20171022181921"
"16","Software_crisis","27012","","3679","20171103054911"
"17","Set_theory","27553","","32120","20171029181819"
"18","Spaghetti_code","28732","","15022","20171025172725"
"19","Static_program_analysis","28811","","14818","20171020115239"
"20","Software_Engineering_Body_of_Knowledge","28878","","4567","20171020172321"
"21","Software_testing","29090","","78540","20171027141350"
"22","Second-system_effect","29313","","1824","20171020115239"
"23","Side_effect_(computer_science)","29519","","7132","20171005002900"
"24","Turing_machine","30403","","72831","20171031043213"
"25","Unified_Modeling_Language","32169","","19926","20171027043446"
"26","Usability_testing","32288","","19704","20171020152833"
"27","World_Wide_Web_Consortium","33149","","17726","20171101151320"
"28","Web_server","33455","","14967","20171102212210"
"29","Z_notation","34521","","8767","20171019003827"
"30","Event_cascade","37084","","454","20171010034519"
"31","Regression_testing","38411","","11143","20171101092706"
"32","Design_by_contract","39289","","16627","20171101172802"
"33","Precondition","39290","","3642","20171003034921"
"34","Postcondition","39291","","3708","20170803025417"
"35","Software_performance_testing","39294","","21566","20171027143048"
"36","Sanity_check","39893","","7379","20171020152839"
"37","Systems_design","41774","","8773","20171023234932"
"38","Java_Message_Service","42866","","11362","20171007133626"
"39","Thread_safety","45634","","9349","20171005154023"
"40","Top-down_and_bottom-up_design","45635","","32228","20171007022105"
"41","Turing_tarpit","46633","","3636","20171026185309"
"42","Software_architecture","48364","","45571","20171020172321"
"43","Reserved_word","49723","","24801","20171016182543"
"44","Version_control","55955","","30281","20171101093302"
"45","Conformance_testing","56001","","12049","20171021092108"
"46","Abnormal_end","60467","","1551","20170928000344"
"47","Feature_creep","73528","","11664","20171019033815"
"48","Bookmarklet","81218","","9822","20171021062516"
"49","Ousterhout's_dichotomy","81250","","5851","20171011020438"
"50","Metacharacter","81959","","3045","20171007013503"
"51","Subsumption_architecture","83552","","11783","20171010130152"
"52","Cargo_cult_programming","84478","","5073","20171010130204"
"53","WEB","87394","","1964","20171022113252"
"54","Software_engineer","90471","","28701","20171026184320"
"55","Workaround","124490","","1586","20171008050159"
"56","Vienna_Development_Method","140583","","40082","20171019184747"
"57","Specification_language","140586","","4242","20171008073056"
"58","Z++","140589","","1484","20171016053200"
"59","List_of_programming_languages","144146","","26488","20171031235951"
"60","Meta-Object_Facility","145438","","6871","20171022122427"
"61","Free_variables_and_bound_variables","147460","","13212","20171021062043"
"62","Business_logic","157004","","10173","20171009001158"
"63","Interface_description_language","160224","","4020","20171010174214"
"64","Formal_methods","161883","","21982","20171020172321"
"65","Software_design_pattern","164952","","41759","20171101065846"
"66","Application_server","165154","","14069","20171016014410"
"67","Software_configuration_management","165180","","7978","20171020172321"
"68","Open_Database_Connectivity","168701","","31728","20171103031904"
"69","Traceability","174247","","17445","20171102205536"
"70","Software_metric","187442","","7033","20171024172017"
"71","Programming_paradigm","189897","","19207","20171021092554"
"72","Self-hosting","192092","","6969","20171102231333"
"73","Web_container","200690","","4815","20171013155417"
"74","Object-oriented_software_engineering","208515","","1342","20171004010601"
"75","QED_manifesto","209532","","4862","20171006234503"
"76","Software_house","212862","","11988","20171003071649"
"77","Stress_testing","214554","","9147","20171021231956"
"78","McCarthy_91_function","222665","","7801","20171016075845"
"79","Unit_testing","222828","","28637","20171031184907"
"80","Worse_is_better","223321","","7014","20171031030121"
"81","Software_design","223325","","19669","20171025001342"
"82","Program_optimization","225779","","31103","20171004043615"
"83","Computer_code","232500","","1262","20171030180258"
"84","Rational_Unified_Process","233624","","17871","20171021063139"
"85","Anti-pattern","233956","","17741","20171014040805"
"86","Assertion_(software_development)","234018","","19061","20171029232115"
"87","Code_smell","234034","","9360","20171018180116"
"88","Concern_(computer_science)","234140","","3596","20171011211214"
"89","Traceability_matrix","242084","","5822","20171020172321"
"90","System_context_diagram","243791","","7448","20170910212650"
"91","Simulated_reality","247365","","17617","20171020144119"
"92","Software_development","248932","","29167","20171029090331"
"93","Electronic_business","264466","","18856","20171101173834"
"94","Formal_verification","270054","","12474","20171022054447"
"95","Polyglot_(computing)","275174","","5458","20171013233752"
"96","Shared_nothing_architecture","275651","","5882","20171013132709"
"97","Black-box_testing","275909","","3734","20171027120512"
"98","Think_aloud_protocol","284283","","5228","20170801193421"
"99","Paper_prototyping","284291","","9382","20170827093127"
"100","Safety-critical_system","286550","","12459","20171026164451"
"101","Web_application","288311","","16439","20171029110648"
"102","Webby_Award","288394","","16912","20171028055002"
"103","Source_lines_of_code","295066","","24539","20171007050123"
"104","Use_case","300006","","31368","20171101094758"
"105","Liskov_substitution_principle","300568","","9830","20171011190749"
"106","Stovepipe_system","310665","","1928","20171004050600"
"107","Strict_function","319252","","2666","20171024120252"
"108","Web_syndication","327054","","9457","20170918025748"
"109","Business_Process_Execution_Language","334947","","16567","20171029035047"
"110","Software_bloat","335766","","17160","20171018120801"
"111","Reusability","346547","","3530","20171016104300"
"112","Modeling_language","346781","","20638","20171022173413"
"113","Tiger_team","347113","","12283","20171029183204"
"114","Object_type_(object-oriented_programming)","347585","","7853","20171016054406"
"115","Desktop_metaphor","348304","","8972","20171028101922"
"116","Third-party_software_component","349218","","1243","20171016065829"
"117","System_requirements","349768","","10138","20170913160356"
"118","Transparency_(human–computer_interaction)","351091","","6243","20171016081445"
"119","Magic_number_(programming)","352996","","38445","20171022140945"
"120","Integration_testing","355711","","3385","20171030133251"
"121","Outline_of_software_engineering","357616","","29525","20171006041920"
"122","Test-driven_development","357881","","42903","20171022140946"
"123","System_programming","365264","","5635","20171025181659"
"124","Rank_(computer_programming)","366007","","2428","20171029063421"
"125","Production_equipment_control","372426","","975","20171017044519"
"126","Open_architecture","378204","","2900","20170701094137"
"127","Load_testing","380180","","12234","20171101220535"
"128","Ad_hoc_polymorphism","390418","","6783","20170808225651"
"129","Bisimulation","397571","","11803","20171006085040"
"130","Semantics_(computer_science)","397608","","10288","20171018025037"
"131","Platform-independent_model","401151","","1452","20171018044434"
"132","Platform-specific_model","401164","","2209","20171018044434"
"133","Model-driven_architecture","401169","","20182","20171022122427"
"134","Interface_bloat","402849","","877","20171018064407"
"135","Front_and_back_ends","428625","","7371","20171030162001"
"136","Decision_table","433572","","8471","20171103055413"
"137","Operator_associativity","459474","","10960","20171009234024"
"138","Web_developer","460187","","4667","20171026160815"
"139","System_programming_language","472805","","8986","20170901000940"
"140","Software_engineering_professionalism","473948","","16823","20170704090547"
"141","Patch_(computing)","475153","","24684","20171023071529"
"142","Orange_box","487507","","1661","20171022210505"
"143","Write-only_language","496500","","3780","20170913091225"
"144","Installation_testing","517599","","2573","20171023111856"
"145","Requirements_analysis","522449","","23565","20171020172321"
"146","Flowchart","527453","","19044","20171030211305"
"147","Software_Engineering_2004","531749","","858","20170706180923"
"148","Software_engineering_demographics","535034","","9009","20171027172949"
"149","Alan_Cooper","537597","","18307","20171022042319"
"150","Cohesion_(computer_science)","542168","","8373","20171013094757"
"151","Requirement","544592","","25016","20171012122653"
"152","Program_slicing","569460","","6146","20171016150607"
"153","Systems_development_life_cycle","573528","","34703","20171102055339"
"154","Loop_invariant","578460","","15739","20171021184822"
"155","Source_port","584820","","7174","20171103143843"
"156","Big_ball_of_mud","587165","","6041","20171005040608"
"157","Type_safety","602650","","26869","20171028082925"
"158","Structured_systems_analysis_and_design_method","604658","","13053","20171031092115"
"159","Off-side_rule","605595","","8055","20171020174539"
"160","Web_development","611714","","9466","20171028215725"
"161","HOOD_method","623281","","994","20170711122652"
"162","Round-trip_engineering","637240","","6494","20170908224051"
"163","Monolithic_system","643800","","1673","20170923073254"
"164","Dangling_else","648096","","7642","20171103104131"
"165","Write_once,_run_anywhere","651278","","4267","20170904235206"
"166","Terry_Halpin","651800","","5162","20171026104055"
"167","Corner_case","652102","","2507","20171023192936"
"168","Edge_case","652109","","2301","20171023192936"
"169","Dependability","661384","","13725","20171008121956"
"170","Software_verification","665989","","4809","20171023192936"
"171","SAIV","674280","","345","20170904045628"
"172","Method_stub","674329","","4104","20171023192936"
"173","CMS_Pipelines","692211","","7986","20170716204937"
"174","Software_verification_and_validation","699718","","18782","20171024080907"
"175","Syntactic_methods","699752","","4311","20170911105152"
"176","Computerized_system_validation","746959","","1277","20160803071523"
"177","History_of_software_engineering","758895","","21590","20171102093803"
"178","Software_framework","768211","","10952","20171024104658"
"179","White-box_testing","768799","","9394","20171027182902"
"180","Software_maintenance","780960","","16067","20171020172321"
"181","Philippe_Kruchten","798663","","4421","20171020172321"
"182","Policy-based_design","826852","","9072","20170816183242"
"183","Interactive_Disassembler","852322","","7939","20171019103902"
"184","Dependency_hell","858993","","17521","20170929115328"
"185","System_testing","864021","","3476","20171024064852"
"186","Class-responsibility-collaboration_card","891046","","3191","20170718185600"
"187","Programming_domain","896932","","945","20170917173052"
"188","One-liner_program","898917","","10463","20171005094626"
"189","Representational_state_transfer","907222","","21007","20171028110211"
"190","Feature_interaction_problem","914700","","5575","20161209003705"
"191","Software_versioning","920901","","40413","20171024100814"
"192","Enterprise_service_bus","928254","","18629","20171006180921"
"193","Directive_(programming)","930128","","9541","20171004163525"
"194","Backporting","946566","","4205","20170824141322"
"195","Dialect_(computing)","948744","","1843","20170816183242"
"196","Skeleton_(computer_programming)","954216","","2986","20170920155438"
"197","Live_coding","954290","","15582","20171102011800"
"198","IDL_specification_language","956653","","2545","20170729112151"
"199","Playtest","980251","","15069","20171024220220"
"200","Requirements_engineering","981981","","8951","20171020172321"
"201","Software_requirements_specification","990036","","7668","20171020172321"
"202","Golem_(ILP)","993979","","533","20170921174248"
"203","Style_sheet_(web_development)","996933","","6026","20171022005326"
"204","Derived_object","1008129","","1037","20170922043629"
"205","Cyclomatic_complexity","1014906","","23281","20171002122708"
"206","Testbed","1035597","","5252","20171025163129"
"207","Formal_equivalence_checking","1046024","","7994","20171011001342"
"208","TPS_report","1065521","","2962","20171027135202"
"209","List_of_system_quality_attributes","1081685","","5848","20170903232056"
"210","Ambiguous_viewpoint","1086076","","1551","20170924002956"
"211","Test_automation","1086547","","21429","20171026164111"
"212","Software_prototyping","1090852","","40306","20171101052521"
"213","Language_Of_Temporal_Ordering_Specification","1117722","","2495","20171023171524"
"214","Invariant_(computer_science)","1126643","","7116","20171017090732"
"215","Daily_build","1126769","","2731","20170811172036"
"216","Ivar_Jacobson","1127106","","8365","20171020172321"
"217","Vulnerability_(computing)","1129827","","29639","20171013133913"
"218","Rich_Internet_application","1141591","","14964","20171027173716"
"219","Logic_in_computer_science","1151991","","14402","20170813100541"
"220","Maintenance_mode","1162620","","1308","20170814083049"
"221","Metatable","1168490","","710","20170830065240"
"222","Fagan_inspection","1179063","","9800","20171028062415"
"223","Ripple_effect","1188460","","1785","20171023043927"
"224","Penetration_test","1199793","","18282","20171101080408"
"225","Greenspun's_tenth_rule","1210851","","4079","20171006035658"
"226","Diomidis_Spinellis","1212157","","3502","20171016025217"
"227","Principle_of_good_enough","1233851","","2188","20171028182454"
"228","Web_engineering","1252448","","10986","20171028212150"
"229","80:20_rule","1283618","","133","20171001121136"
"230","Reinventing_the_wheel","1291336","","6637","20171103111559"
"231","Software_quality","1301906","","44855","20171024214414"
"232","Function_prototype","1311431","","5277","20171103060401"
"233","Hotfix","1315081","","5934","20170929122729"
"234","Model-based_testing","1343866","","14720","20171030000648"
"235","Test_case","1343949","","5126","20171020172321"
"236","Software_test_documentation","1348016","","5613","20171031032454"
"237","ISO/IEC_9126","1348510","","8653","20171031032454"
"238","KiXtart","1370630","","3558","20171020031946"
"239","Workspace","1375104","","7268","20170930083405"
"240","Crash-only_software","1389274","","2671","20170814052129"
"241","JSP_model_2_architecture","1389337","","6988","20170814062337"
"242","Coupling_(computer_programming)","1425449","","11141","20171026101700"
"243","Test_script","1433334","","3358","20171001075547"
"244","Mondex","1441125","","4034","20171011004050"
"245","Predicate_transformer_semantics","1453583","","23241","20171014002826"
"246","Product_requirements_document","1464875","","4011","20171017032829"
"247","Software_transactional_memory","1478707","","31112","20171030094938"
"248","Dependency_injection","1484696","","43538","20171016190912"
"249","Test_plan","1584125","","7400","20171006071638"
"250","Matt_Mullenweg","1585314","","22452","20171101033126"
"251","Inversion_of_control","1589554","","12242","20171003170549"
"252","ThoughtWorks","1608987","","29162","20171006120130"
"253","Ajax_(programming)","1610950","","20788","20171024003253"
"254","Extensibility","1617522","","9336","20171003121627"
"255","Const_(computer_programming)","1639512","","39927","20171013141011"
"256","Refinement_(computing)","1644367","","4652","20171001125039"
"257","Boundary_case","1645141","","804","20171004052121"
"258","Secure_by_design","1646964","","7093","20171027071358"
"259","Object_Process_Methodology","1656850","","94758","20171102024428"
"260","Timeout_(computing)","1657639","","3047","20170819170205"
"261","Functional_software_architecture","1674342","","14536","20171015023140"
"262","Meta-process_modeling","1674557","","33286","20170826013826"
"263","Metamodeling","1674626","","13150","20171020172321"
"264","Dynamic_web_page","1697881","","12403","20171022050522"
"265","Architecture_tradeoff_analysis_method","1708944","","4683","20170726084733"
"266","Equivalence_partitioning","1709984","","8459","20171006091326"
"267","Boundary-value_analysis","1709986","","5890","20171006091326"
"268","Fuzzing","1710557","","35082","20171020155648"
"269","Command_verb","1716711","","849","20171004210040"
"270","Reliability_engineering","1724836","","90569","20171101232235"
"271","Write_once,_compile_anywhere","1729790","","1876","20171005021920"
"272","Object-based_language","1759766","","4050","20170727175345"
"273","Business_Object_Notation","1790493","","931","20170717064953"
"274","All-pairs_testing","1799103","","7146","20171006125340"
"275","Architecture_description_language","1799268","","22353","20170830004325"
"276","Programming_in_the_large_and_programming_in_the_small","1800329","","6327","20171015152645"
"277","Distributed_version_control","1804746","","12348","20170928215204"
"278","Software_brittleness","1805449","","5968","20171006134433"
"279","Failure_assessment","1810448","","495","20171005074204"
"280","Services_computing","1820849","","1660","20171028080139"
"281","Nassi–Shneiderman_diagram","1834450","","7338","20171015212141"
"282","Software_quality_assurance","1843409","","2908","20171020172321"
"283","Opaque_predicate","1898450","","986","20171025142657"
"284","Feature-driven_development","1903153","","12198","20171020172321"
"285","Software_rot","1906495","","9224","20171018231317"
"286","Composability","1908856","","3303","20170802075050"
"287","Function_composition_(computer_science)","1911084","","16073","20171002163423"
"288","Scenario_(computing)","1918289","","8218","20171022175416"
"289","Creeping_elegance","1932039","","827","20170823003524"
"290","Marchitecture","1934192","","3170","20171016060412"
"291","Functional_design","1973221","","3796","20170926103902"
"292","State_logic","1977422","","1474","20171006140437"
"293","Critical_mass_(software_engineering)","1978469","","1270","20171029035047"
"294","Push_technology","1982854","","13161","20171011233911"
"295","Zawinski's_law_of_software_envelopment","2007617","","102","20171028164333"
"296","CO-OPN","2078596","","2591","20171007065831"
"297","Active_window","2081994","","2720","20170831122002"
"298","Cowboy_coding","2088387","","6080","20171025130342"
"299","Fault_tolerance","2091393","","27676","20171010180652"
"300","MIL-STD-498","2096616","","9771","20171017093114"
"301","Attribute-oriented_programming","2099600","","4704","20171017093115"
"302","Requirements_management","2109782","","16171","20171017045525"
"303","Codebase","2111762","","6681","20171007094709"
"304","Australian_Software_Engineering_Conference","2140622","","2291","20170925001947"
"305","Domain-specific_modeling","2140720","","9695","20171013082338"
"306","Patch_Tuesday","2177220","","15018","20171015104042"
"307","Decomposition_(computer_science)","2193987","","4154","20171008034616"
"308","Lustre_(programming_language)","2211835","","2817","20170812161933"
"309","Test_harness","2212173","","3728","20171002023557"
"310","Teleogenesis","2220846","","687","20170323134109"
"311","Software_package_metrics","2262585","","3191","20171017195201"
"312","Dynaset","2271127","","1552","20171008204559"
"313","Uniform_access_principle","2278914","","11167","20170825082516"
"314","Conway's_law","2285258","","6769","20171103090220"
"315","SLAM_project","2285574","","2012","20170831034531"
"316","White_box_(software_engineering)","2288308","","985","20171024204302"
"317","Merge_(version_control)","2341198","","13311","20171103005459"
"318","Microformat","2346998","","23008","20171007092637"
"319","UHAPI_Forum","2360317","","458","20171009095634"
"320","Mutation_testing","2362840","","16032","20171012204428"
"321","Waterbed_theory","2374030","","1002","20170323162930"
"322","Functional_requirement","2377273","","4943","20171018115550"
"323","Capacity_optimization","2380971","","2449","20171002193128"
"324","Self-documenting_code","2418555","","3056","20170817205945"
"325","UIMA","2422681","","3348","20171022005311"
"326","Task_computing","2443626","","2473","20170824010418"
"327","B-Method","2443683","","8530","20171018212912"
"328","Jean-Raymond_Abrial","2443873","","2357","20171001002900"
"329","Shlaer–Mellor_method","2457641","","12809","20171018225441"
"330","TNTmips","2468756","","2613","20171021125241"
"331","Lightweight_Imaging_Device_Interface_Language","2491705","","854","20171017141803"
"332","Software_architect","2497132","","5383","20170824153216"
"333","Implicit_invocation","2505607","","1765","20171005034724"
"334","Concurrency_semantics","2513130","","482","20171010090815"
"335","Domain_model","2524095","","2687","20171019075408"
"336","Continuous_design","2535369","","2277","20170828113215"
"337","Static_timing_analysis","2546747","","9635","20171019084644"
"338","Overhead_(computing)","2554671","","4625","20171021044134"
"339","Formal_specification","2567707","","11258","20171009221216"
"340","Metafile","2568013","","1036","20171022004814"
"341","Opaque_pointer","2570200","","9299","20170916230825"
"342","List_of_software_development_philosophies","2574632","","4962","20171020172321"
"343","Abstract_state_machines","2575836","","10273","20171019101714"
"344","Use_case_survey","2578095","","2953","20171010211834"
"345","Single_responsibility_principle","2584592","","3592","20171026103427"
"346","Public_interface","2584593","","2841","20170923013303"
"347","International_Conference_on_Software_Engineering","2586061","","8492","20171103022652"
"348","AUTOSAR","2595431","","13940","20171020141857"
"349","User_requirements_document","2608630","","2080","20171017083236"
"350","Object-oriented_analysis_and_design","2613984","","15626","20171031111753"
"351","DO-178B","2625968","","14393","20170921081347"
"352","Keyword_(computer_programming)","2633995","","105","20171019004956"
"353","Circular_dependency","2640550","","4837","20170606123809"
"354","Program_Design_Language","2641112","","1098","20170706171308"
"355","Magic_(programming)","2641649","","7713","20171007072559"
"356","User_story","2656549","","13573","20171028202623"
"357","SIGSOFT","2666078","","3302","20171010144123"
"358","Software_Engineering_Notes","2666118","","1385","20170917121209"
"359","IEEE_Transactions_on_Software_Engineering","2672653","","2327","20171031123648"
"360","Business_Readiness_Rating","2681545","","666","20170323232155"
"361","Browser_sniffing","2695651","","4374","20170624105429"
"362","Index_of_software_engineering_articles","2702229","","7565","20170703204808"
"363","System_requirements_specification","2705889","","2072","20170906132209"
"364","Code_bloat","2707448","","3422","20171006133853"
"365","Mashup_(web_application_hybrid)","2709092","","22150","20171006125643"
"366","Software_craftsmanship","2724842","","7422","20170915135145"
"367","Control_Structure_Diagram","2760015","","817","20171003015957"
"368","Refinement_calculus","2775268","","1782","20171020221931"
"369","Use-case_analysis","2787519","","6695","20170923054323"
"370","Software_build","2788153","","3812","20171012021507"
"371","Service-oriented_development_of_applications","2796616","","1539","20170607060245"
"372","Change_control_board","2806250","","1829","20171004043553"
"373","Programming_complexity","2814347","","6233","20171030130323"
"374","Component-based_software_engineering","2816674","","23120","20171010174214"
"375","JSP_model_1_architecture","2830704","","1656","20170808073322"
"376","Gap_analysis","2835766","","8292","20171025110139"
"377","Computer-assisted_proof","2840305","","9934","20170811203928"
"378","Essential_complexity","2842330","","8217","20170704203401"
"379","Application_domain","2850879","","3507","20170802164756"
"380","Pseudolocalization","2852772","","8602","20171008065826"
"381","Uniface_(programming_language)","2905637","","24611","20171018195508"
"382","Web_API","2915176","","12801","20171029110813"
"383","Locks-and-keys","2923328","","1247","20171013141257"
"384","I*","2929629","","7987","20171004173552"
"385","Orthogonal_Defect_Classification","2949170","","3196","20171008114959"
"386","Session-based_testing","2951275","","4610","20171003062943"
"387","Exploratory_testing","2951380","","10857","20171010213251"
"388","Objectory","2954287","","485","20171013164525"
"389","Kernel_Normal_Form","2965083","","1897","20171003015957"
"390","Behavior-driven_development","2965801","","27117","20171010163502"
"391","Petriscript","2980629","","4231","20170606183017"
"392","Interchangeability_(computer_science)","2983786","","585","20171013192419"
"393","Soft_goal","2986221","","1754","20141109174450"
"394","Non-functional_requirements_framework","2986645","","2376","20170527022108"
"395","Goal-oriented_Requirements_Language","2986886","","4026","20171002073737"
"396","Business_Process_Model_and_Notation","3015586","","31223","20171019003828"
"397","Web_content_development","3025578","","5513","20171030115849"
"398","Non-functional_requirement","3069747","","7405","20171023222139"
"399","Software_visualization","3070397","","10488","20170928022134"
"400","Software_assurance","3084104","","10996","20171008204834"
"401","Explicit_parallelism","3095332","","1537","20171027113522"
"402","Runtime_verification","3098816","","31023","20170508030811"
"403","Mauve_(test_suite)","3111042","","1655","20171008222123"
"404","Evolver_(software)","3119872","","723","20170324110911"
"405","Bug_bash","3121797","","1844","20171029183113"
"406","Rich_client_platform","3126028","","2555","20170624090319"
"407","Inverse_search","3126455","","2303","20170324113135"
"408","Monkey_testing","3128547","","5665","20171008233250"
"409","Multitenancy","3157360","","11433","20171013031741"
"410","Program-specific_information","3167892","","24924","20171009142814"
"411","Syntax_(programming_languages)","3206060","","17132","20171003015957"
"412","Computer_network_programming","3224769","","2567","20171023150359"
"413","Game_testing","3242208","","25512","20170920120222"
"414","Record_Management_System","3285538","","991","20171015112532"
"415","Don't_repeat_yourself","3291957","","4364","20171010131321"
"416","Darwin_(ADL)","3292029","","1233","20171015112533"
"417","Certified_Software_Development_Professional","3292102","","5567","20171017054727"
"418","Hazard_analysis","3292213","","9482","20171031153209"
"419","Dynamic_Invocation_Interface","3317053","","1253","20170607110141"
"420","Softcoding","3342347","","3807","20171015161410"
"421","DREAM_(software)","3344337","","1105","20170706040820"
"422","Cleanroom_software_engineering","3348116","","4335","20171020172321"
"423","Systems_architecture","3403318","","11204","20170818121855"
"424","Hand_coding","3420503","","3175","20171016012850"
"425","Branching_(version_control)","3422285","","4972","20170906215225"
"426","Remote_scripting","3447227","","2963","20170910155718"
"427","Open_service_interface_definitions","3453273","","4333","20171010142846"
"428","Repository_Open_Service_Interface_Definition","3455066","","1779","20141124200503"
"429","Agent_Open_Service_Interface_Definition","3455220","","585","20171016045858"
"430","Assessment_Open_Service_Interface_Definition","3455404","","1207","20171016045858"
"431","Scheduling_Open_Service_Interface_Definition","3456256","","953","20171016045906"
"432","Authentication_Open_Service_Interface_Definition","3456400","","1239","20171016045906"
"433","Authorization_Open_Service_Interface_Definition","3456551","","1779","20171016045906"
"434","CourseManagement_Open_Service_Interface_Definition","3456647","","1643","20160418035424"
"435","Dictionary_Open_Service_Interface_Definition","3456740","","1868","20171016045906"
"436","Workflow_Open_Service_Interface_Definition","3457017","","1727","20171016045906"
"437","Messaging_Open_Service_Interface_Definition","3457751","","891","20171016045906"
"438","Logging_Open_Service_Interface_Definition","3460049","","1086","20171016054644"
"439","Hierarchy_Open_Service_Interface_Definition","3460194","","1175","20171016054644"
"440","Filing_Open_Service_Interface_Definition","3460342","","845","20171016054644"
"441","Grading_Open_Service_Interface_Definition","3460759","","1287","20171016054644"
"442","MochiKit","3470574","","1806","20171102144041"
"443","Domain_analysis","3471187","","3421","20171025010053"
"444","Out-of-band_agreement","3471522","","980","20171016062712"
"445","Office_controller","3519194","","2123","20171016132741"
"446","Reference_architecture","3543701","","4638","20171023093454"
"447","Heisenbug","3590233","","11489","20171101112148"
"448","Program_temporary_fix","3651356","","2519","20171017080633"
"449","System_integration_testing","3668276","","6933","20171017102709"
"450","Microsoft_Security_Development_Lifecycle","3685303","","2431","20171009054113"
"451","Kata_(programming)","3697624","","1638","20171009074026"
"452","Software_analyst","3710585","","939","20171017144350"
"453","PlanetLab","3727977","","1210","20171017184040"
"454","Program_comprehension","3733920","","1604","20171017185641"
"455","Experimental_software_engineering","3750731","","4469","20171019045145"
"456","Test_vector_generator","3753304","","536","20171018001729"
"457","Software_design_description","3771347","","4151","20171016160527"
"458","Portability_testing","3784393","","8900","20171017032725"
"459","Microsoft_Software_Assurance","3797776","","4713","20171102171030"
"460","Canadian_University_Software_Engineering_Conference","3801074","","9129","20171018084324"
"461","Asynchronous_system","3801097","","8380","20171025175231"
"462","Bigraph","3804402","","8274","20170828095738"
"463","Metasploit_Project","3838115","","13109","20171102171843"
"464","Schema_for_Object-Oriented_XML","3859480","","1593","20171018135639"
"465","Duplicate_code","3875705","","8656","20170811010025"
"466","Trait_(computer_programming)","3893690","","18018","20171102161044"
"467","Taint_checking","3906986","","5648","20170702044407"
"468","Deutsch_limit","3919573","","4243","20170923233154"
"469","Matrix_of_pain","3921454","","1037","20171010094400"
"470","Categorical_set_theory","3921716","","2035","20170607165111"
"471","Proof-carrying_code","3929020","","3319","20170808120902"
"472","Security_testing","3943130","","6370","20171027064232"
"473","Design_marker","3948467","","1988","20140305100657"
"474","Algebraic_specification","4018181","","3068","20170624105320"
"475","IBM_TPNS","4021930","","42264","20170818091741"
"476","Garbage_(computer_science)","4035183","","7885","20171018192708"
"477","Programming_model","4045128","","2512","20170713052909"
"478","Binary_moment_diagram","4056695","","4071","20171020042956"
"479","Identity_transform","4081099","","8104","20170923000937"
"480","Aleksandar_Totic","4087212","","571","20170326035738"
"481","Psychology_of_programming","4119246","","3583","20171020144918"
"482","Software_system_safety","4135205","","5594","20170613140729"
"483","Domain_engineering","4152892","","13846","20171021175217"
"484","Invariant-based_programming","4160992","","2246","20170829220230"
"485","Jacques_Bonjawo","4226165","","2854","20171026070647"
"486","XPDL","4261263","","10793","20171005183601"
"487","W3C_Software_Notice_and_License","4283705","","1662","20171022085909"
"488","Object-oriented_modeling","4295117","","2227","20161113095755"
"489","Function_point","4318654","","10221","20171024170325"
"490","Semantic_service-oriented_architecture","4323170","","5750","20171007092637"
"491","Smart_client","4335752","","3069","20170420155957"
"492","Composite_application","4415933","","2612","20170326122355"
"493","Homoiconicity","4447184","","13807","20171008042259"
"494","Machine-dependent_software","4472835","","7863","20170926163826"
"495","Gurupa","4501085","","636","20171012165121"
"496","Agent_architecture","4510677","","1395","20171006193257"
"497","Probe_effect","4515786","","1798","20171024015848"
"498","Comet_(programming)","4533952","","23926","20171011101905"
"499","National_Software_Testing_Laboratories","4561482","","681","20171011093100"
"500","PREview","4566423","","11752","20170606175255"
"501","CTQ_tree","4569345","","1756","20170623084413"
"502","Interface_metaphor","4581686","","6632","20170918180854"
"503","OELib","4583557","","687","20170920204405"
"504","Glue_code","4624733","","2541","20171019122029"
"505","Battle_management_language","4657161","","3973","20170715233029"
"506","Target–action","4659420","","4313","20160919214912"
"507","Expressive_power_(computer_science)","4669465","","7525","20170825082516"
"508","Object_Query_Language","4674558","","1679","20171026132815"
"509","Synchronization_model","4686244","","10453","20170811043730"
"510","And-inverter_graph","4689919","","9590","20171014220642"
"511","Differential_inheritance","4691082","","1335","20170327011006"
"512","Reference_model","4696265","","9086","20170908042843"
"513","Requirement_prioritization","4717231","","5431","20171102205555"
"514","Internet-Speed_Development","4731717","","23448","20170508205611"
"515","Event-driven_architecture","4731786","","15692","20171031220524"
"516","Test_management","4732887","","5256","20171027142230"
"517","Little_b_(programming_language)","4740151","","2212","20170405164715"
"518","Model_transformation_language","4773563","","6105","20170905045403"
"519","Semipredicate_problem","4785143","","10204","20171102114324"
"520","WebML","4797164","","13356","20170304052322"
"521","Signature_program","4798195","","5225","20170716154205"
"522","KM3","4852801","","2234","20171019060537"
"523","Stability_Model","4859085","","2391","20171005045138"
"524","Gnits_standards","4870833","","2062","20170922053903"
"525","Generic_Modeling_Environment","4873950","","1133","20170715232614"
"526","IDEAS_Group","4901873","","6549","20170805042756"
"527","GRASP_(object-oriented_design)","4907231","","7758","20171024061213"
"528","Wright_(ADL)","4918427","","1374","20170716022946"
"529","HTTP_compression","4954757","","16310","20170921032826"
"530","Innovations_in_Systems_and_Software_Engineering","4967361","","2976","20171014192202"
"531","Anemic_domain_model","4975273","","5659","20171008071332"
"532","Efferent_coupling","5023072","","521","20170906211335"
"533","Lightweight_software_test_automation","5046884","","4108","20171012224940"
"534","Advanced_transportation_controller","5076715","","935","20170716092047"
"535","Rational_R1000","5135097","","1970","20170327112307"
"536","Satisfiability_modulo_theories","5138563","","24575","20171025211449"
"537","IEEE_1471","5143530","","11324","20170906132209"
"538","Design_process_(computing)","5171018","","622","20170624180728"
"539","Command_language","5186515","","1621","20171022035753"
"540","Exception_safety","5195468","","4632","20171020091039"
"541","PM_Declaration_of_Interdependence","5207056","","2466","20170521180017"
"542","Test_bench","5252160","","3180","20171013141124"
"543","Buildbot","5255805","","3225","20171023025928"
"544","Presentation–abstraction–control","5274765","","6990","20171019201917"
"545","Open/closed_principle","5404610","","4871","20171015173917"
"546","Trunk_(software)","5438836","","2173","20170906215225"
"547","Programming_language_specification","5438926","","13169","20171005130115"
"548","Programming_language_implementation","5439284","","3692","20170625195320"
"549","Dynamic_program_analysis","5463848","","5770","20171029093959"
"550","Interactive_design","5532455","","20427","20171012211648"
"551","Best_coding_practices","5548053","","25937","20170927102901"
"552","Leaning_toothpick_syndrome","5552846","","7059","20171003015957"
"553","WURFL","5575030","","11630","20170717110247"
"554","Symbolic_simulation","5575498","","1472","20170626015400"
"555","Boilerplate_code","5622243","","8311","20171028144705"
"556","Conditional_operator","5647807","","785","20171006175217"
"557","Software_security_assurance","5654541","","10918","20170828213700"
"558","Dry_run_(testing)","5664562","","1144","20171102220257"
"559","Joint_application_design","5720202","","20013","20170914155229"
"560","Cognitive_dimensions_of_notations","5728377","","8104","20170810071938"
"561","Cheat_sheet","5733800","","2809","20170831101122"
"562","High-_and_low-level","5734146","","4517","20170928110614"
"563","General-purpose_modeling","5734285","","1504","20170718050634"
"564","Visual_modeling","5734612","","1838","20170328045557"
"565","Robbins_algebra","5825422","","3316","20171019194738"
"566","Server_emulator","5851467","","9113","20171006075752"
"567","Attack_surface","5920768","","3789","20170724141708"
"568","AspectC++","5926156","","3455","20171023071338"
"569","International_Software_Testing_Qualifications_Board","5933562","","8305","20171011042341"
"570","Layer_(object-oriented_design)","6018908","","1539","20170725051659"
"571","Persistence_(computer_science)","6025550","","6840","20171002213514"
"572","Open_Hub","6028132","","9010","20171023090946"
"573","Sandbox_(software_development)","6063848","","6102","20171012134719"
"574","Association_for_Software_Testing","6076142","","3423","20171011071400"
"575","Dynamic_testing","6109829","","1649","20171015121956"
"576","Object-oriented_design","6111038","","9871","20171031072854"
"577","Scaffold_(programming)","6210017","","5916","20171029035047"
"578","Provider_model","6213806","","1829","20171016124857"
"579","Communications_&_Information_Services_Corps","6256906","","15583","20171018044153"
"580","Functional_testing","6264581","","2443","20171010163502"
"581","Outline_of_computer_programming","6301802","","16256","20171019230626"
"582","Artifact_(software_development)","6303113","","4491","20170720114028"
"583","Viscosity_(programming)","6413371","","764","20170628143412"
"584","Macro_instruction","6427906","","5464","20170722042910"
"585","Rigi_(software)","6437953","","6681","20161115162404"
"586","Test_data","6476885","","2592","20171016153909"
"587","Object_manager","6534243","","534","20170727181103"
"588","International_Webmasters_Association","6576364","","1257","20170424182041"
"589","System_time","6613070","","27330","20171103102035"
"590","Speedcoding","6616312","","4238","20171028175346"
"591","Keyword-driven_testing","6742890","","9602","20171031101929"
"592","Eclipse_Modeling_Framework","6763494","","3588","20170723190144"
"593","End-user_development","6795600","","25437","20171018060253"
"594","Framework_for_integrated_test","6883111","","2350","20171005051506"
"595","GQM","6884839","","4925","20161116064922"
"596","Algorithm_characterizations","6901703","","72377","20171102193441"
"597","Maintenance_release","6960642","","1313","20170630050101"
"598","Extended_finite-state_machine","6965259","","3257","20170721191956"
"599","Monolithic_application","7023871","","3035","20170330063206"
"600","Test_Anything_Protocol","7039060","","3008","20171027110700"
"601","Prentice_Hall_International_Series_in_Computer_Science","7069425","","2954","20170626002932"
"602","Content_adaptation","7108375","","6534","20170812153112"
"603","Conceptual_model_(computer_science)","7109929","","3804","20171020124725"
"604","Static_web_page","7123267","","2662","20171019233320"
"605","Reactive_user_interface","7138096","","1653","20170630082217"
"606","Decline_and_Fall_of_the_American_Programmer","7142775","","2714","20171019172745"
"607","Generic_Eclipse_Modeling_System","7143470","","3874","20170613150649"
"608","Web_application_development","7206282","","6661","20170912140617"
"609","Online_judge","7289814","","2760","20171103100317"
"610","Composite_UI_Application_Block","7324925","","1456","20170725005243"
"611","Software_engine","7357562","","4287","20170904140748"
"612","Computer_programming_in_the_punched_card_era","7380371","","8160","20171030083307"
"613","Search-oriented_architecture","7470226","","1881","20170630150416"
"614","Software_architecture_analysis_method","7564456","","787","20170331023453"
"615","Test_effort","7663090","","3869","20170702111527"
"616","JQuery","7672626","","24638","20171020215701"
"617","Structured_analysis","7696546","","23769","20171020172321"
"618","Common_Component_Architecture","7698591","","805","20170331062943"
"619","Mobile-device_testing","7706325","","4866","20170831030843"
"620","Tefkat","7726497","","3244","20130703124850"
"621","Ad_hoc_testing","7728202","","1095","20171009225506"
"622","Nested_quotation","7732659","","4867","20170630195316"
"623","Retiming","7770362","","6797","20171025175231"
"624","Artificial_intelligence_systems_integration","7872324","","11816","20171028075106"
"625","Software_evolution","7917758","","15351","20170807034511"
"626","Software_blueprint","7932845","","3400","20160727165309"
"627","Characterization_test","7950962","","6416","20170911045708"
"628","Adjustment_handle","7955525","","827","20170701020710"
"629","Event_(computing)","7962417","","11136","20171102074105"
"630","Coding_conventions","7969681","","19669","20171010163502"
"631","Software_architectural_model","7985045","","5316","20171021062200"
"632","Ntropy","8006103","","1561","20170331123818"
"633","Framework-specific_modeling_language","8036355","","2583","20170702160003"
"634","Situational_application","8142499","","3805","20170911225341"
"635","Testware","8143104","","1852","20161116202226"
"636","HLSL2GLSL","8191286","","2967","20171017025558"
"637","Check_(unit_testing_framework)","8206148","","1589","20171014010150"
"638","Staged_event-driven_architecture","8222044","","3167","20170804232419"
"639","Sigar_(software)","8253497","","895","20170331202547"
"640","Gemstone_(database)","8260106","","5956","20171023191000"
"641","Graphical_user_interface_testing","8261215","","12664","20170723150934"
"642","Adaptive_algorithm","8286430","","2597","20170331230245"
"643","Software_portability","8400335","","7723","20171017123308"
"644","Fault_injection","8429908","","21616","20170912094403"
"645","Stress_testing_(software)","8445754","","7064","20171011074335"
"646","CA/EZTEST","8465195","","3766","20170723211239"
"647","Software_modernization","8503981","","17634","20171101125528"
"648","Recovery_testing","8518263","","1654","20170701100129"
"649","Automated_proof_checking","8618570","","2376","20170731075406"
"650","Security_bug","8632926","","2887","20170807080433"
"651","Rule_of_three_(C++_programming)","8715728","","7048","20170831054122"
"652","Presentation_logic","8764576","","2169","20170930025109"
"653","Exploratory_programming","8766693","","1958","20171020090845"
"654","EFx_Factory","8803642","","10383","20170915155339"
"655","Sidegrade","8824516","","1176","20170701140523"
"656","Service-oriented_architecture_implementation_framework","8836161","","17846","20171024195526"
"657","Architecture_framework","8851985","","1059","20140521203940"
"658","Stevens_Award","8881415","","2040","20170617101317"
"659","Committer","8889979","","2249","20171018203014"
"660","Software_quality_management","8967007","","8779","20171101051008"
"661","Conference_room_pilot","9002006","","2337","20171021182003"
"662","Soak_testing","9002673","","1868","20170701165736"
"663","Attack_patterns","9006286","","13255","20171021171257"
"664","Cockburn_Scale","9007356","","2665","20161117032729"
"665","IBM_Product_Test","9015515","","2177","20170701173427"
"666","Presenter_first_(software_approach)","9032156","","5215","20171029104028"
"667","IBM_WebSphere_ESB","9036446","","383","20170719093316"
"668","Functional_specification","9053231","","6453","20171020172321"
"669","Design_predicates","9054619","","3413","20170511094805"
"670","Droplets_(programming_environment)","9054662","","384","20170609063629"
"671","Compatibility_testing","9113053","","825","20170810174512"
"672","OOHDM","9159215","","828","20170725031942"
"673","M2M_(Eclipse)","9227646","","1015","20170402023327"
"674","Risk-based_testing","9232391","","4334","20170910204311"
"675","Software_analysis_pattern","9238495","","6999","20170325104400"
"676","Volume_testing","9266554","","1037","20170701201026"
"677","Non-functional_testing","9266740","","1219","20170810110724"
"678","Scalability_testing","9266795","","8409","20170926151712"
"679","Parametricity","9315395","","4685","20170324050705"
"680","A/B_testing","9332179","","15111","20171029172823"
"681","Happy_path","9336966","","1696","20171018140806"
"682","RITE_Method","9376189","","2988","20170402050831"
"683","Self-testing_code","9403814","","1012","20170701220920"
"684","FURPS","9462739","","3677","20170701222737"
"685","Algebraic_modeling_language","9463527","","7038","20170728080603"
"686","Zero_one_infinity_rule","9465910","","2207","20171020172321"
"687","Manual_testing","9516924","","7592","20171031091515"
"688","OLE_DB_for_OLAP","9549317","","2085","20170821181815"
"689","Reuse_metrics","9585793","","1345","20170511094805"
"690","OpenKODE","9665492","","1655","20171014180954"
"691","Decision-to-decision_path","9704668","","4387","20170521214448"
"692","Cause–effect_graph","9707263","","2282","20170805102732"
"693","Promela","9733137","","14453","20170609041520"
"694","Usage-centered_design","9733745","","3399","20171021223746"
"695","W3C_Device_Description_Working_Group","9734965","","3882","20170608073758"
"696","Slow_design","9749044","","5953","20170923153242"
"697","Vision_document","9800707","","2636","20170926033601"
"698","Bauhaus_Project_(computing)","9876168","","9419","20171011131024"
"699","International_Conference_on_Software_Reuse","9894026","","3000","20171014215246"
"700","RCOS_(computer_sciences)","9894468","","3958","20170502102644"
"701","Pointer_aliasing","9921347","","4854","20170912172330"
"702","Gateway_(computer_program)","9953336","","678","20170824004616"
"703","Modularity-driven_testing","9987726","","1268","20170607040823"
"704","Data-driven_testing","9987790","","3364","20170805122909"
"705","Lightweight_programming_language","10001714","","696","20170826191656"
"706","ERequirements","10058197","","942","20170702044133"
"707","Quality_engineering","10067215","","10828","20170928002648"
"708","Sun_Web_Developer_Pack","10080676","","2659","20161117004832"
"709","Google_Guice","10088312","","3230","20171016191736"
"710","Agile_testing","10319588","","6313","20171020172347"
"711","POPLmark_challenge","10323007","","4358","20171022044203"
"712","OSHCA","10347397","","2608","20171015005918"
"713","Stream_X-Machine","10388845","","9608","20160324004953"
"714","Knowledge_Discovery_Metamodel","10482722","","9179","20171022122427"
"715","Month_of_bugs","10485555","","5951","20170813114641"
"716","SitePal","10578514","","6049","20170917070129"
"717","Advanced_Programming_Specialist_Group","10601400","","2615","20170805032925"
"718","International_World_Wide_Web_Conference_Committee","10620750","","8997","20171011040845"
"719","Design_rationale","10710154","","25984","20171018192522"
"720","Software_system","10768456","","4348","20170914062542"
"721","Journal_of_Systems_and_Software","10807068","","3074","20171014193151"
"722","Statistical_static_timing_analysis","10864076","","4860","20171025175231"
"723","Universal_Scrolling","10901667","","850","20170609143734"
"724","Essentials_of_Programming_Languages","11071609","","4613","20170927194838"
"725","Architecture-driven_modernization","11132789","","4682","20170606223317"
"726","4+1_architectural_view_model","11151650","","3665","20171010032227"
"727","Requirements_traceability","11189218","","19996","20170911114234"
"728","Modified_condition/decision_coverage","11205258","","4870","20170818174602"
"729","Search-based_software_engineering","11220518","","20646","20171101171749"
"730","Spirit_and_volume","11227838","","877","20170609023549"
"731","Software_Development_Engineer_in_Test","11232473","","1247","20171027211647"
"732","Needs_analysis","11265546","","4063","20170927042930"
"733","Transient_(computer_programming)","11271206","","4781","20171009215620"
"734","LDRA_Testbed","11289935","","6410","20170729145055"
"735","Active_message","11347807","","2962","20170626073014"
"736","Space-based_architecture","11353855","","5383","20170512034649"
"737","Agile_web_development","11412687","","129","20171022232438"
"738","N-version_programming","11443527","","6446","20170411124957"
"739","Workflow_Reference_Model","11451782","","646","20170403044855"
"740","Abstraction_of_transport/protocol_connectivity","11477841","","711","20170625151048"
"741","Transport/protocol_abstraction","11477970","","1581","20170403045608"
"742","Synchrony_abstraction","11478208","","1089","20150925155905"
"743","Fault-tolerant_messaging","11478229","","1428","20161230054744"
"744","ISO/IEC_42010","11521286","","14840","20171101113431"
"745","SAP_NetWeaver_Visual_Composer","11528983","","3428","20170727163705"
"746","Software_measurement","11534510","","2117","20171010163502"
"747","SPIN_(software_process)","11583369","","1776","20140710052418"
"748","Fundamental_modeling_concepts","11643734","","5699","20170609114214"
"749","Software_Engineering_for_Adaptive_and_Self-Managing_Systems","11664140","","2171","20161118090619"
"750","Oracle_Unified_Method","11735522","","2937","20171020172347"
"751","Wang_Institute_of_Graduate_Studies","11799822","","4900","20170813232551"
"752","Technical_debt","11885652","","13238","20171031105255"
"753","Nondeterministic_programming","11898761","","2508","20170917143102"
"754","System_migration","11956097","","2824","20171103024053"
"755","BS_7925-1","11974071","","1320","20171013112331"
"756","BS_7925-2","11974175","","1273","20171013112640"
"757","Synthetic_Environment_for_Analysis_and_Simulations","12018606","","7880","20170810082937"
"758","Numerical_error","12076692","","1364","20170928024044"
"759","Bebugging","12086708","","3228","20170403094100"
"760","Resource-oriented_architecture","12107449","","8983","20171020172347"
"761","Pull_technology","12112654","","2055","20170811083154"
"762","Retrenchment_(computing)","12130394","","736","20170403095750"
"763","Binary_protocol","12212962","","1486","20170803152443"
"764","Allocation_site","12221515","","444","20170403104326"
"765","Feature_complete","12241099","","1110","20171004125006"
"766","KAOS_(software_development)","12557343","","1818","20170430084037"
"767","Naked_objects","12642257","","11991","20170907020613"
"768","Reverse_semantic_traceability","12659147","","9788","20171101014601"
"769","Hardware_compatibility_list","12662643","","2237","20171005152402"
"770","Regulated_rewriting","12734062","","5660","20170704200423"
"771","Software_parametric_models","12941228","","3518","20170729072918"
"772","IEEE_Software","12953313","","2917","20171031083100"
"773","Change_advisory_board","12973558","","2127","20171005075254"
"774","Central_Computer_and_Telecommunications_Agency","12986427","","9589","20171011053042"
"775","Learnability","12986721","","2018","20170729091712"
"776","Predeclared","13038601","","3876","20170921150321"
"777","Junio_Hamano","13078275","","2033","20171016172809"
"778","Putnam–Norden–Rayleigh_curve","13126614","","1415","20170404092049"
"779","Incremental_funding_methodology","13136664","","1452","20170404092348"
"780","Occasionally_connected_computing","13145967","","3250","20170812073412"
"781","Error_guessing","13284409","","1305","20171006121134"
"782","Framework-oriented_design","13298962","","951","20170729204119"
"783","Memory_safety","13344659","","12158","20171018102530"
"784","Convention_over_configuration","13356100","","6108","20171101093227"
"785","Problem_frames_approach","13411552","","22852","20171010195122"
"786","Amelioration_pattern","13612232","","1124","20171101184443"
"787","Rewrite_(programming)","13653181","","5316","20170722103639"
"788","Daikon_(system)","13666913","","1691","20170828115347"
"789","Standalone_program","13721526","","2853","20171015143739"
"790","Database-centric_architecture","13783336","","4236","20171030100451"
"791","Federated_portal_network","13808127","","1070","20160826204055"
"792","Forensic_software_engineering","13929163","","1457","20171001235159"
"793","Software_quality_control","13951651","","3956","20170826112246"
"794","Rule_of_least_power","13973317","","3758","20170806133240"
"795","SCC_compliant","14086151","","601","20170606223325"
"796","Domain-driven_design","14272455","","17073","20171013104913"
"797","Halstead_complexity_measures","14451712","","4258","20171023203520"
"798","Univac_Text_Editor","14467753","","507","20170404230326"
"799","American_Software_Testing_Qualifications_Board","14580230","","1669","20170610002538"
"800","Software_testing_outsourcing","14672486","","4277","20170925062647"
"801","Discriminator","14674111","","2200","20171015225142"
"802","Floyd's_triangle","14705292","","2405","20170105044912"
"803","Hatley–Pirbhai_modeling","14765980","","2072","20170405023911"
"804","X-Machine_Testing","14927756","","20169","20171016022650"
"805","Pattern_Languages_of_Programs","15008505","","16043","20171016065856"
"806","The_Structure_and_Interpretation_of_the_Computer_Science_Curriculum","15038192","","3414","20170804190123"
"807","Web_testing","15089290","","4093","20170731180648"
"808","Software_testing_controversies","15136570","","8895","20170926124401"
"809","XSA","15323614","","1877","20170205140727"
"810","Requirements_elicitation","15402947","","9202","20170318134418"
"811","Chunk_(information)","15447845","","969","20170707045324"
"812","SMP/E","15653202","","11686","20171015120753"
"813","Alsys","15670933","","5014","20170829203138"
"814","DOD-STD-2167","15687407","","3055","20170809145809"
"815","Consumability","15695872","","2637","20170909072754"
"816","Virtuality_(software_design)","15744107","","2897","20171016220717"
"817","Web_development_tools","15774107","","7968","20171101135221"
"818","Conversion_path","15813625","","1320","20170707075200"
"819","Software_entropy","15906715","","2611","20170919150745"
"820","Hybrid_testing","16127475","","2207","20170616093505"
"821","Signed_overpunch","16284001","","1553","20170802064738"
"822","Digital_nervous_system","16342561","","3690","20171002170722"
"823","Word_joiner","16498555","","1218","20171024000149"
"824","TTCN-3","16604682","","7115","20170828124336"
"825","CETpD","16617061","","4681","20170722194816"
"826","Comparison_of_JavaScript_frameworks","16688167","","53140","20171023154256"
"827","Linked_data_page","16732074","","1488","20171024100303"
"828","Proggy_programming_fonts","16894993","","1841","20171017203844"
"829","Lehman's_laws_of_software_evolution","16914324","","4626","20170813124752"
"830","Applicative_universal_grammar","16956936","","1007","20170520183447"
"831","RATF","16989982","","1947","20170626234131"
"832","Muni_Sakya","17052149","","5421","20171012033739"
"833","Boundary_testing","17077754","","5125","20170615054742"
"834","Event_partitioning","17097938","","14044","20171007060912"
"835","Constant_Object_Proportion_Rendering","17122931","","2634","20171007122428"
"836","EAST-ADL","17125914","","11475","20170402082918"
"837","Merge_window","17242440","","1238","20170611200754"
"838","Misuse_case","17316652","","13837","20170912192028"
"839","WS-Atomic_Transaction","17318432","","1210","20170407063111"
"840","Software_architecture_recovery","17389066","","2164","20170711171731"
"841","System_appreciation","17389142","","1784","20170811111634"
"842","Benevolent_dictator_for_life","17402165","","10756","20171101125424"
"843","Physical_configuration_audit","17440612","","2130","20170407070525"
"844","DSQI","17457858","","876","20170407071122"
"845","Test_stub","17515602","","3231","20171007072636"
"846","Debugging_patterns","17555516","","1298","20151025102540"
"847","Software_quality_analyst","17633498","","1539","20171013131554"
"848","Open_Agent_Architecture","17748770","","702","20170610040309"
"849","Long-lived_transaction","17866900","","951","20170708083149"
"850","Protocol_implementation_conformance_statement","17905412","","872","20170407091104"
"851","Perl_Archive_Toolkit","17932450","","1749","20170407092443"
"852","FOSD_Mixin_Layers","17964234","","1284","20170407094737"
"853","Service-oriented_distributed_applications","18182357","","700","20170612033719"
"854","Solution_architecture","18269007","","5939","20171016230750"
"855","/dev/full","18429450","","1304","20170610043343"
"856","Sheffield_Software_Engineering_Observatory","18540320","","15183","20140521203940"
"857","GitHub","18545292","","30168","20171103151722"
"858","Self-relocation","18569789","","13748","20170909092203"
"859","Data_&_Analysis_Center_for_Software","18570861","","32499","20171011151557"
"860","Domain_(software_engineering)","18599119","","1015","20170828122318"
"861","Stepping_level","18662920","","3029","20170804142228"
"862","Observer_effect_(information_technology)","18698650","","1877","20170804142229"
"863","Natural_language_programming","18784729","","8740","20170922033503"
"864","Test_strategy","18839594","","9223","20171027061411"
"865","Software_maintainer","18931962","","896","20170407164836"
"866","Abandonware","18933176","","83901","20171011203343"
"867","Measuring_programming_language_popularity","18968719","","8489","20170717153828"
"868","Loop_variant","19024734","","10457","20170818231518"
"869","Program_animation","19086385","","8649","20170611063624"
"870","Panorama_viewer","19159273","","1890","20170909124812"
"871","Android_Developer_Challenge","19194005","","8421","20171019142034"
"872","Software_feature","19218583","","970","20171027091401"
"873","Catalysis_software_design_method","19245823","","2133","20170610060120"
"874","Sobi2","19368896","","12166","20171102090414"
"875","Web-oriented_architecture","19370659","","5509","20171024162528"
"876","Function_model","19433066","","25530","20171020172347"
"877","Yugo_Nakamura","19471785","","5764","20170919003834"
"878","DIT_School_of_Electronic_and_Communications_Engineering","19495429","","6466","20171018182941"
"879","Toy_program","19550534","","740","20170709065153"
"880","SAP_Enterprise_Architecture_Framework","19561724","","2038","20170805095854"
"881","Language_primitive","19872558","","4881","20170511114541"
"882","Social_software_engineering","19886721","","4182","20161119211619"
"883","XRX_(web_application_architecture)","19946654","","9976","20170610062243"
"884","BORO","19983878","","11523","20170929192525"
"885","Rise_and_Resurrection_of_the_American_Programmer","19986969","","2517","20171020014920"
"886","BPEL_script","20012557","","4315","20171029035047"
"887","View_model","20061545","","38475","20171020172347"
"888","Goal_modeling","20095457","","9118","20171018081123"
"889","Test_execution_engine","20112605","","3883","20170709142902"
"890","Oracle_(software_testing)","20168578","","4195","20170625105757"
"891","WebScarab","20209037","","2551","20170923085849"
"892","Fungible_information","20210886","","1033","20170613054014"
"893","Pair_testing","20409469","","2258","20170709231350"
"894","SIGMDSE","20514967","","1544","20170613090618"
"895","Tester_Driven_Development","20541638","","789","20170409051120"
"896","P.I.P.S.","20609281","","3201","20171018123413"
"897","Z_User_Meeting","20780886","","97","20170919154527"
"898","International_Conference_on_Software_Engineering_and_Formal_Methods","20787202","","3561","20171012005845"
"899","International_Requirements_Engineering_Board","20821533","","13046","20171011121548"
"900","Parameter_validation","21042541","","1636","20170702212106"
"901","Test_management_approach","21117529","","6502","20171009135204"
"902","Software_requirements","21168501","","13493","20171020172347"
"903","Variadic_template","21191343","","13043","20170905102248"
"904","Software_Testing,_Verification_&_Reliability","21268028","","2632","20171020193511"
"905","MetaCASE_tool","21297521","","12635","20170624030810"
"906","Evidence-based_scheduling","21333372","","2811","20171012021323"
"907","NMock","21383101","","496","20170710165119"
"908","Cloud_testing","21398025","","12255","20170608024731"
"909","Domain-specific_multimodeling","21468960","","30864","20170927075251"
"910","COLA_(software_architecture)","21514416","","8608","20170809093937"
"911","SOASTA","21517319","","7529","20170809011157"
"912","Checkstyle","21534171","","4925","20171103143342"
"913","Bitbucket","21589444","","12465","20171019064853"
"914","Parasoft","21599066","","10033","20171102060934"
"915","Keynote_DeviceAnywhere","21615082","","6328","20170728020901"
"916","State_space_enumeration","21676935","","1247","20170819021742"
"917","API_testing","21785911","","7917","20171010163502"
"918","Gold_plating_(software_engineering)","22005853","","2561","20170724103113"
"919","Imagix_4D","22025044","","1580","20170410043535"
"920","Voodoo_programming","22051732","","624","20170828003253"
"921","LISA_(Language_for_Instruction_Set_Architecture)","22061818","","4261","20170923004529"
"922","Feature_model","22181211","","12805","20171020172347"
"923","Content_strategy","22325358","","5076","20171008170740"
"924","TPT_(software)","22403626","","17371","20171010092814"
"925","Orthogonality_(programming)","22441342","","3646","20171020172347"
"926","Code_integrity","22512989","","2455","20170615051543"
"927","Uninterpreted_function","22542131","","4369","20170611150349"
"928","ANSI/ISO_C_Specification_Language","22652294","","4444","20170902165132"
"929","Tombstone_diagram","22740733","","3041","20170606184442"
"930","Motor_Industry_Software_Reliability_Association","22799050","","3659","20170818101544"
"931","Software_defect_indicator","22813475","","1926","20140521203940"
"932","MIBE_architecture","22912887","","5506","20170910071203"
"933","Service-oriented_software_engineering","22947099","","3209","20171020172347"
"934","Construction_and_Analysis_of_Distributed_Processes","22992399","","19030","20171010054330"
"935","Software_testability","23122896","","8397","20170923043504"
"936","Metacompiler","23232348","","29007","20171019193316"
"937","Systems_modeling","23277896","","9068","20171020172347"
"938","Software_development_process","23407868","","26858","20171029062800"
"939","Gitorious","23574194","","6629","20171018005528"
"940","Proactor_pattern","23596112","","2060","20170828063741"
"941","Semantic_decision_table","23605249","","7298","20170324010901"
"942","IDEF6","23631497","","12859","20170616125048"
"943","CSE_HTML_Validator","23703543","","7683","20171019110017"
"944","Oulu_University_Secure_Programming_Group","23752090","","4158","20161128224547"
"945","Synthetic_Organism_Designer","23838524","","669","20170616040120"
"946","Algebraic_Petri_net","23885951","","3942","20170222080154"
"947","UML_state_machine","23959612","","48248","20171006065536"
"948","Enterprise_Mashup_Markup_Language","23983698","","12582","20170610125317"
"949","CISQ","24068622","","5696","20171002142338"
"950","Abstraction_principle_(computer_programming)","24107654","","7580","20171008070155"
"951","OGML","24136891","","1730","20170608203055"
"952","Static_semantics","24201295","","109","20171011215908"
"953","Execution_semantics","24202073","","154","20171011215908"
"954","Dynamic_semantics","24202081","","154","20171011215908"
"955","Fail-stop","24203217","","1706","20170111192239"
"956","Presentation_semantics","24209073","","1856","20170626002740"
"957","TIOBE_index","24213566","","4420","20171103030953"
"958","SOLID_(object-oriented_design)","24233616","","5065","20171023143029"
"959","NDepend","24257028","","6693","20171010100850"
"960","WebGL","24336445","","25967","20171004161218"
"961","Tree_testing","24362542","","2694","20170411020954"
"962","Model-based_specification","24392919","","2080","20170929001118"
"963","Open_Mashup_Alliance","24463229","","7746","20171029020852"
"964","Connection_broker","24651707","","538","20170713151305"
"965","Journal_of_Software:_Evolution_and_Process","24656236","","3318","20171019134343"
"966","Type_Description_Language","24668342","","1161","20170811083156"
"967","Resource-oriented_computing","24713133","","2270","20170713151306"
"968","MoReq2","24758467","","7938","20170627001348"
"969","Centre_for_Software_Reliability","24843639","","2135","20170904003453"
"970","Interface_segregation_principle","24880495","","4895","20170810025033"
"971","Integration_Objects","24899670","","8601","20171010135517"
"972","Web_worker","24905484","","7337","20170922105621"
"973","SoaML","24952083","","2401","20171008023611"
"974","Linear_code_sequence_and_jump","24973484","","9437","20171014020435"
"975","Boolean_flag","24999643","","1242","20170614212918"
"976","Shyster_(expert_system)","25011536","","17814","20171010135526"
"977","ABZ_Conference","25025916","","126","20170919154527"
"978","Concolic_testing","25029425","","15709","20170919222358"
"979","OpenWF","25100734","","2753","20171010135526"
"980","Pipe_and_filter_architecture","25166119","","68","20170830122551"
"981","Tessy_(software)","25188928","","3648","20171023204424"
"982","Rational_Quality_Manager","25214014","","10187","20171027115836"
"983","Unspecified_behavior","25219731","","6566","20170703235142"
"984","Archetype_pattern","25220877","","3946","20170817093916"
"985","Testing_Maturity_Model","25387283","","2968","20170818130915"
"986","Quickly_(software)","25395659","","3244","20171023035145"
"987","Data,_context_and_interaction","25430994","","28091","20170915213454"
"988","SEMAT","25451462","","15973","20171027094830"
"989","API_Sanity_Checker","25506823","","1367","20171010164426"
"990","Jargon_File","25523630","","26757","20171013093552"
"991","WebSocket","25553718","","21777","20171027165824"
"992","International_Journal_of_Software_Engineering_and_Knowledge_Engineering","25683591","","1283","20171019133804"
"993","Automated_Testing_Framework","25792501","","1911","20171020192152"
"994","Semantic_architecture","25834704","","1726","20170617163540"
"995","Eggplant_Functional","25945761","","11649","20171024092508"
"996","Non-regression_testing","25955355","","11362","20170914070001"
"997","MVC4WPF","25959959","","6740","20171024092508"
"998","Original_Software","26053742","","3352","20171024123429"
"999","Partial_concurrent_thinking_aloud","26063832","","10768","20170630164405"
"1000","Program_mutation","26233464","","62","20171013055945"
"1001","Test_double","26300921","","3719","20171008063531"
"1002","Existence_detection","26320219","","1036","20170618040202"
"1003","Composition_over_inheritance","26356139","","14341","20171029094016"
"1004","Server-sent_events","26358262","","5916","20171101115419"
"1005","JSLint","26362508","","3391","20171020172347"
"1006","Business_domain","26364383","","1287","20170727225708"
"1007","Command_substitution","26414846","","6169","20170307190529"
"1008","Responsibility-driven_design","26472355","","16954","20171029170536"
"1009","BaseKit","26482768","","3592","20170625130251"
"1010","Type_Tunnel_pattern","26513498","","2256","20170828063741"
"1011","Tweaker_(build_tool)","26528936","","2181","20171010181143"
"1012","Sputnik_(JavaScript_conformance_test)","26543471","","4717","20171011180912"
"1013","Programming_team","26615065","","2133","20170412004815"
"1014","Feature-oriented_domain_analysis","26618665","","3434","20161130025713"
"1015","Windmill_(testing_framework)","26704638","","1283","20170904231509"
"1016","Debug_code","26707373","","5510","20170717073851"
"1017","GQM+Strategies","26861471","","13353","20170828191520"
"1018","Endeavour_Software_Project_Management","26874183","","4071","20171023024648"
"1019","Release_management","26952327","","6683","20170718123533"
"1020","Node_graph_architecture","27008230","","7044","20171009174249"
"1021","Jamie_Wilkinson","27074350","","2632","20171028112956"
"1022","Link-richness","27092961","","2966","20170907111843"
"1023","Wholesale_Applications_Community","27256155","","6341","20170810102755"
"1024","Test_Template_Framework","27267184","","13569","20171009092656"
"1025","CompCert","27309180","","1917","20171029060623"
"1026","MK_II_FPA","27319186","","3261","20170612215854"
"1027","Application_service_architecture","27365743","","3170","20170715041313"
"1028","CSS_box_model","27436933","","2620","20171026233311"
"1029","Browser_speed_test","27644383","","9709","20170916022713"
"1030","Unofficial_patch","27681836","","53179","20171101051718"
"1031","Augmented_reality-based_testing","27801069","","3354","20170412052632"
"1032","EPANET","27838362","","9812","20170923215520"
"1033","RadioVIS","27944174","","1603","20170218183348"
"1034","Australia_and_New_Zealand_Testing_Board","27961358","","4375","20171012075102"
"1035","Extended_static_checking","27989949","","6775","20170909064002"
"1036","Connascence_(computer_programming)","28051530","","5666","20170805222430"
"1037","Robustness_testing","28054273","","2167","20170627183903"
"1038","Test_design","28167973","","2095","20170915165301"
"1039","Twist_(software)","28182720","","3888","20170830152633"
"1040","Synchronization_complexity","28215421","","678","20170723002644"
"1041","Critical_to_quality","28267332","","957","20170307074029"
"1042","EMML_(Motorola)","28270727","","10903","20170619182733"
"1043","Software_archaeology","28336398","","8576","20171020172347"
"1044","Command-line_interface","28338635","","59111","20171019141421"
"1045","European_Software_Institute","28414446","","1038","20170814150826"
"1046","Gerrit_(software)","28535391","","10536","20171023041020"
"1047","Maveryx","28752672","","9426","20170823014830"
"1048","TLA+","28752673","","53117","20171029030743"
"1049","PlusCal","28752783","","2299","20170819194403"
"1050","DO-178C","28867648","","18952","20170830114628"
"1051","Core_Security_Technologies","28891010","","15834","20170902075749"
"1052","Reference_implementation","29051386","","4734","20171015060924"
"1053","ARID","29081350","","725","20171005194547"
"1054","Grist_(computing)","29273973","","858","20170911023639"
"1055","Engineering_Code_Snippets_Project","29324444","","3228","20170924020727"
"1056","Operational_acceptance_testing","29343018","","4194","20170123143521"
"1057","Component-based_usability_testing","29346646","","8306","20170909202212"
"1058","QP_(framework)","29545609","","11321","20170920112857"
"1059","Fundamental_theorem_of_software_engineering","29638170","","1784","20171021064050"
"1060","Reverse_architecture","29769799","","702","20170716135316"
"1061","Runahead_solution","29924774","","1410","20170621065425"
"1062","Weighted_Micro_Function_Points","29965278","","4664","20170918031407"
"1063","Predicative_programming","30251309","","1626","20170716000348"
"1064","International_Conference_on_Automated_Software_Engineering","30571872","","4427","20171016105347"
"1065","BHDL","30596404","","2046","20170621150851"
"1066","Law_of_conservation_of_complexity","30699737","","2412","20170902212439"
"1067","Web_performance","30734754","","8840","20171017140245"
"1068","Test_suite","30855831","","2597","20170817141245"
"1069","Programming_interview","30863172","","4435","20170908144612"
"1070","Object-Z","30872150","","2345","20170907010205"
"1071","System_under_test","30873703","","977","20170414123228"
"1072","Stuttering_equivalence","30875123","","2214","20170512072330"
"1073","Microsoft_Reaction_Card_Method_(Desirability_Testing)","30958460","","1117","20171019201356"
"1074","Software_fault_tolerance","31012554","","1711","20170901055205"
"1075","OLE_DB_provider","31253629","","2616","20170826065612"
"1076","Software_Metrics_Metamodel","31337585","","3362","20160813184517"
"1077","Kiwix","31427769","","18013","20171101060328"
"1078","Central_and_Eastern_European_Software_Engineering_Conference_in_Russia","31465615","","1614","20170622123856"
"1079","Dynamic_timing_verification","31479005","","1175","20140811113217"
"1080","Lero_(software_engineering)","31505077","","4477","20161203072506"
"1081","Business_requirements","31721134","","16015","20170817045155"
"1082","SQALE","31754978","","7058","20170924175607"
"1083","Colony_Framework","31807079","","9134","20170924044319"
"1084","MobileNotifier","31896179","","6612","20170910011855"
"1085","WebRTC","31950946","","14142","20171013200700"
"1086","Pylint","32018084","","4244","20171011043558"
"1087","WebCL","32343589","","9551","20171006163735"
"1088","Delta_update","32440947","","4731","20170826062529"
"1089","SIGNAL_(programming_language)","32475185","","8232","20170925183650"
"1090","Characteristic_based_product_configurator","32537475","","4292","20170718200036"
"1091","Indexer_(programming)","32602092","","2471","20171021165948"
"1092","Hindley–Milner_type_system","32612385","","41709","20171010164215"
"1093","Fault-tolerant_software","32758625","","4921","20170804181429"
"1094","Pierre_De_Muelenaere","32819535","","5780","20170929154713"
"1095","Multimodal_Architecture_and_Interfaces","32827330","","34125","20170914142802"
"1096","Continuous_testing","32924598","","21533","20171027004654"
"1097","Oak3D","32929997","","4679","20170818112624"
"1098","Repository_(version_control)","32966352","","2401","20170922003416"
"1099","TestPlant","33006912","","2634","20171019194901"
"1100","Crowdsourced_testing","33125193","","7582","20170925061859"
"1101","Feature_toggle","33193592","","7972","20171031111741"
"1102","Hidden_algebra","33222076","","2218","20170607080931"
"1103","Process_substitution","33275446","","6901","20170210191658"
"1104","Testing_high-performance_computing_applications","33296085","","13446","20171027163500"
"1105","Domain_testing","33344969","","3342","20171010214702"
"1106","Gray_box_testing","33401351","","8107","20170831123012"
"1107","Software_construction","33408418","","24704","20171010163502"
"1108","Software_reliability_testing","33429735","","13744","20170604135502"
"1109","Real-time_testing","33505745","","6253","20171103063909"
"1110","Test_data_generation","33509310","","16724","20170823011804"
"1111","Requirements_Engineering_Specialist_Group","33556483","","6246","20170627075639"
"1112","PerlTidy","33602936","","2582","20171020172347"
"1113","Evocb","33608715","","3874","20171022141451"
"1114","Qsort","33675095","","3040","20170415234536"
"1115","Security_AppScan","33704690","","6283","20170828202830"
"1116","Scenario_testing","33738639","","3060","20170606162950"
"1117","Metamorphic_testing","33883830","","5503","20171004130213"
"1118","Continuous_delivery","33957671","","16177","20170912080528"
"1119","Homotopy_type_theory","33974223","","33110","20171012114558"
"1120","Magisto","34045247","","23544","20171014085849"
"1121","Burke–Fisher_error_repair","34210892","","1860","20170905084754"
"1122","Structural_synthesis_of_programs","34226901","","6247","20170625174017"
"1123","Specification_by_example","34340129","","10266","20171010163502"
"1124","Polyfill","34364491","","10595","20171102060830"
"1125","Robot_Framework","34365923","","5736","20171023035056"
"1126","Service_virtualization","34519332","","9551","20171010163502"
"1127","MODELISAR","34534637","","2444","20170528232452"
"1128","ConcurTaskTrees","34587314","","4602","20170823033543"
"1129","Tcov","34631143","","10897","20170805072008"
"1130","Gcov","34692689","","10477","20171012032339"
"1131","Use_case_diagram","34713649","","3417","20170801115232"
"1132","Random_testing","34759669","","10329","20170823002445"
"1133","Schema_migration","34793825","","6655","20171022075814"
"1134","Ib_Holm_Sørensen","34846125","","4119","20170928161623"
"1135","Environment_discipline","34889899","","610","20170609152204"
"1136","IFIP_Working_Group_2.10","34934769","","2423","20170416040529"
"1137","Programming_languages_used_in_most_popular_websites","34940171","","21162","20171020112835"
"1138","Bootstrap_(front-end_framework)","34973010","","12261","20171101064255"
"1139","Franca_IDL","34992890","","3296","20171011075533"
"1140","Compile_and_go_system","35117434","","4324","20171011040928"
"1141","Outline_of_software_development","35246230","","6266","20170917161631"
"1142","Library_Oriented_Architecture","35416041","","4776","20170308011938"
"1143","Software_bus","35506284","","1248","20170416062328"
"1144","Usability_goals","35539912","","10062","20170609040239"
"1145","Software_release_train","35640021","","1237","20170416064652"
"1146","Verification_and_validation_of_computer_simulation_models","35658939","","14206","20170704032917"
"1147","Basis_path_testing","35700658","","2210","20170807163815"
"1148","Rational_DOORS","35705049","","3001","20170904231342"
"1149","Algebraic_semantics_(computer_science)","35728290","","921","20170930151204"
"1150","Mobile_application_testing","35742249","","11421","20171031135212"
"1151","Package_principles","35746514","","3720","20170722200203"
"1152","Squish_(Froglogic)","35765421","","5784","20171011083558"
"1153","Test_assertion","35860727","","1682","20170811120228"
"1154","Use_Case_Points","35954556","","17498","20170102025245"
"1155","Architecture_of_Interoperable_Information_Systems","35959361","","11040","20160414204537"
"1156","JSHint","35986895","","3853","20171028072722"
"1157","Fully_qualified_name","36016834","","11241","20170918094549"
"1158","Bisection_(software_engineering)","36033877","","2943","20170805204954"
"1159","MySocialCloud","36074404","","4394","20170802011440"
"1160","MMT_(Eclipse)","36078535","","1117","20170627010428"
"1161","Koneki","36092650","","2077","20170721100827"
"1162","InterWorking_Labs","36092794","","9812","20170802011440"
"1163","SrcML","36119905","","10102","20170927111550"
"1164","Media_queries","36226209","","4976","20170428182631"
"1165","Blinking_twelve_problem","36315866","","2180","20170627040137"
"1166","Phase_distinction","36335710","","2472","20161204165825"
"1167","Code_Club","36475843","","5141","20171025021128"
"1168","Language_interoperability","36509863","","1857","20171011093044"
"1169","Codecademy","36548336","","11343","20171101140515"
"1170","Atcom","36586368","","4591","20170802054103"
"1171","Open_Source_Software_World_Challenge","36588011","","4156","20171027163200"
"1172","CU-RTC-WEB","36711408","","682","20170728193408"
"1173","Fluxus_(programming_environment)","36787028","","2348","20171022112811"
"1174","Software_analytics","36813043","","12862","20171016102532"
"1175","National_Robotics_Engineering_Center","36966467","","14498","20171022181932"
"1176","Development_testing","37138290","","8497","20171018193732"
"1177","Application_performance_engineering","37139944","","2590","20170805223835"
"1178","Runtime_error_detection","37154652","","1672","20171029093959"
"1179","Young_Rewired_State","37161156","","5926","20171025035958"
"1180","Shared_disk_architecture","37284805","","1103","20170901052025"
"1181","CloudForge","37287625","","3956","20170720223148"
"1182","List_of_software_reliability_models","37555842","","5270","20170317191050"
"1183","Software_architecture_description","37687916","","12865","20160220181952"
"1184","Asynchronous_module_definition","37712490","","1997","20171011180912"
"1185","Augmented_web","37933605","","1114","20170919122004"
"1186","Unified_Code_Count_(UCC)","38044096","","26613","20171011131911"
"1187","Proto.io","38138695","","4915","20171022135149"
"1188","Information_Assurance_Advisory_Council","38232946","","9763","20171029182453"
"1189","Web_IDL","38541620","","2724","20170922105629"
"1190","Mixed_criticality","38571997","","5427","20170630040934"
"1191","Login_VSI","38718692","","2202","20170729131104"
"1192","Open_energy_system_models","38803848","","151261","20171017091957"
"1193","JArchitect","38868258","","3092","20171004154251"
"1194","Transformation_Priority_Premise","38899889","","3063","20171018033306"
"1195","Design-Oriented_Programming","39032561","","1567","20170630062121"
"1196","Interaction_Flow_Modeling_Language","39053282","","7844","20170417200010"
"1197","SNAP_Points","39169738","","7556","20170827194958"
"1198","Treehouse_(company)","39244081","","10943","20171011191551"
"1199","Headless_software","39278886","","2833","20170827081546"
"1200","Rapid_control_prototyping","39413611","","785","20170723055707"
"1201","Yoda_conditions","39458532","","6736","20171017203052"
"1202","Acyclic_dependencies_principle","39672611","","2402","20161205101808"
"1203","Test_Studio","39674524","","7741","20170702005128"
"1204","Long-term_support","39758769","","15271","20171027190948"
"1205","Verification_condition_generator","39811070","","1456","20170901124215"
"1206","Hungarian_Testing_Board","39868986","","8386","20171013222850"
"1207","Testdroid","40051405","","8038","20170915165402"
"1208","Software_map","40100778","","13053","20170625214721"
"1209","Classification_Tree_Method","40218635","","22858","20161205125335"
"1210","Analytical_Performance_Modeling","40258846","","1930","20170829230619"
"1211","Story-driven_modeling","40378553","","9601","20170915055044"
"1212","Andrew_Darbyshire","40413843","","11534","20171012093051"
"1213","Algorave","40428751","","6831","20170824005916"
"1214","Requirements_Modeling_Framework","40430032","","6523","20171023142447"
"1215","Business_process_validation","40753902","","6913","20170816001740"
"1216","Attribute-driven_design","40810060","","4587","20161225073723"
"1217","Continuous_test-driven_development","40949331","","2522","20171010163502"
"1218","Cascade_Framework","40965587","","9890","20171012030752"
"1219","Apache_Allura","40974572","","6819","20171019064853"
"1220","Prosa_Structured_Analysis_Tool","41029603","","3187","20170703081043"
"1221","Far-Play","41102160","","14482","20171022030100"
"1222","Armitage_(computing)","41118471","","2820","20171012030758"
"1223","Software-defined_infrastructure","41215289","","1470","20170912013039"
"1224","Domain_Application_Protocol","41216584","","1651","20170417084605"
"1225","Winner-take-all_in_action_selection","41255201","","6802","20170613050614"
"1226","Grok_Learning","41293019","","3687","20170821223031"
"1227","Ken_Orr","41293129","","3514","20170910224133"
"1228","BiZZdesign_Enterprise_Studio","41356813","","3556","20171012045341"
"1229","Smoke_testing_(software)","41413342","","5516","20170912002415"
"1230","Nafees_Bin_Zafar","41426709","","3838","20170910205423"
"1231","Trustworthy_Software_Foundation","41547719","","4352","20170703191837"
"1232","Makers_Academy","41660149","","7160","20171102034244"
"1233","Mike_Little","41754493","","3674","20171007122755"
"1234","Kimchi_(software)","41779512","","4116","20171102143705"
"1235","Open_collaboration","41844429","","6502","20170929174204"
"1236","Requirement_Diagram","41870701","","1756","20161206012133"
"1237","LaunchCode","41962812","","7871","20170824212723"
"1238","Acceptance_test–driven_development","41969386","","9093","20171010163502"
"1239","DSploit","42017407","","3485","20170803165311"
"1240","PragmaDev_Studio","42018421","","7181","20170724062727"
"1241","Concurrent_testing","42110287","","1666","20170701174149"
"1242","Creative_coding","42177488","","5223","20170912173802"
"1243","OASIS_TOSCA","42257995","","3433","20171027133358"
"1244","ERIL","42325907","","3945","20170701192429"
"1245","Loader.io","42488994","","2813","20170804071752"
"1246","Software_diagnosis","42505492","","6045","20171020172347"
"1247","HSA_Foundation","42689739","","3421","20171014033110"
"1248","One_Month","42733095","","6705","20171028233416"
"1249","Lifecycle_Modeling_Language","42759736","","9030","20170610233157"
"1250","Software_rejuvenation","42764589","","2027","20170723162018"
"1251","OpenAPI_Specification","42833106","","5912","20171019141551"
"1252","Applause_(software_company)","42843977","","5677","20170911125839"
"1253","Cantata++","42954633","","9810","20171029184023"
"1254","Comparison_of_software_prototyping_tools","42999533","","13424","20171015081719"
"1255","Test_Environment_Management","43041875","","3052","20170725002215"
"1256","Time-triggered_architecture","43056044","","4856","20170703132506"
"1257","RhodeCode","43067101","","11778","20171012140506"
"1258","CodeHS","43154124","","7888","20170917160839"
"1259","Gödel_logic","43269014","","725","20170918124703"
"1260","PlayCanvas","43298724","","6684","20171004005234"
"1261","Springloops","43306405","","5280","20170612182104"
"1262","Eclipse_SCADA","43368471","","3548","20171012140517"
"1263","ACM_Transactions_on_Software_Engineering_and_Methodology","43383942","","1167","20170922061949"
"1264","Peter_Miller_(software_engineer)","43404410","","2513","20170912035602"
"1265","Blend4Web","43507069","","21026","20171012164439"
"1266","Wyvern_(programming_language)","43528524","","1505","20170922040732"
"1267","Lambda_architecture","43539426","","9565","20170916120310"
"1268","Given-When-Then","43562339","","1177","20171006063012"
"1269","The_Karlskrona_Manifesto","43681421","","2459","20171025034531"
"1270","ISO/IEC_29119","43697668","","15844","20171019004150"
"1271","International_Requirements_Engineering_Conference","43724807","","6722","20170820204033"
"1272","Bitbucket_Server_(software)","43776746","","3704","20171022031918"
"1273","Defect_criticality","43793768","","2111","20170920153420"
"1274","International_Society_for_Software_Testing","43824336","","1592","20170824043005"
"1275","SwitchUp","43944449","","5586","20170915102508"
"1276","List_of_program_transformation_systems","44041923","","1054","20160915022908"
"1277","Günter_Böckle","44074005","","2622","20171020103127"
"1278","RadView_Software","44089693","","3106","20171012214851"
"1279","Binary_repository_manager","44091727","","9328","20170728001752"
"1280","User_onboarding","44191380","","2045","20170702183149"
"1281","GitLab","44209778","","7890","20171028233416"
"1282","Process_validation","44224167","","7743","20171030111843"
"1283","Continued_process_verification","44287236","","4076","20161206090135"
"1284","Critical_process_parameters","44355968","","2196","20170418124416"
"1285","Example-centric_programming","44382509","","11043","20171007085000"
"1286","High-level_language_computer_architecture","44413506","","17558","20171014170934"
"1287","Design_smell","44413693","","5526","20170704185702"
"1288","Process_qualification","44424907","","3204","20170807000034"
"1289","Usersnap","44435492","","3866","20170917150816"
"1290","Domain-specific_software_architecture","44496136","","2139","20170725113342"
"1291","MockServer","44544262","","7189","20170518104021"
"1292","Splice_(platform)","44634073","","3125","20170909053232"
"1293","Process_performance_qualification_protocol","44740826","","2731","20170321040416"
"1294","Design_space_verification","44750726","","2692","20170321040417"
"1295","Kallithea_(software)","44765059","","3505","20171010203535"
"1296","WebLOAD","44798568","","5722","20171021215820"
"1297","Web_project","44805742","","3008","20170302121341"
"1298","List_of_Flex_frameworks","44827071","","5676","20171103014429"
"1299","Auticon","44960861","","5259","20171009180915"
"1300","Integrated_Water_Flow_Model_(IWFM)","45031327","","7299","20170902235504"
"1301","Archi_(tool)","45039322","","2823","20171013062644"
"1302","Lucio_de_Risi","45062335","","1718","20170418211912"
"1303","Pierre_Djibril_Coulibaly","45075259","","3505","20170709114258"
"1304","AirPair","45082574","","6398","20170901203816"
"1305","The_Navicor_Group","45232404","","6186","20170824010952"
"1306","Learning_Tools_Interoperability","45302098","","5545","20170921183635"
"1307","E-LOTOS","45415132","","3476","20171023171409"
"1308","Cppdepend","45643760","","3247","20171013204540"
"1309","Overview_of_RESTful_API_Description_Languages","45668859","","7286","20170913090712"
"1310","Shift_left_testing","46243688","","7336","20171011230715"
"1311","Siege_(software)","46353742","","3057","20170914113025"
"1312","Product_data_record","46373225","","2505","20170526093519"
"1313","Language_workbench","46406824","","2619","20171020110304"
"1314","Kiuwan","46427929","","2193","20170911042821"
"1315","Procedural_design","46450132","","465","20170726143002"
"1316","Sonic_Pi","46589273","","2774","20171022105737"
"1317","Faceware_Technologies","46621887","","22219","20170831050325"
"1318","Neutral_build","46768483","","5753","20170920063349"
"1319","Awwwards","46791410","","8645","20171018042438"
"1320","TidalCycles","46808694","","3294","20171015213505"
"1321","Lighthouse_Labs","46827997","","6573","20170831011418"
"1322","Comparison_of_Material_Design_implementations","46901282","","21138","20171102065204"
"1323","Low-level_design","47047888","","3445","20171006013955"
"1324","List_of_WebGL_frameworks","47168305","","12327","20171031131931"
"1325","National_Cyber_Security_Centre_(Ireland)","47180610","","11270","20171019040729"
"1326","CoderDojo","47211280","","9012","20171102075134"
"1327","Enterprise_legal_management","47238886","","16713","20170726214557"
"1328","Óscar_Pastor_(computer_scientist)","47263289","","7778","20170919032241"
"1329","Results_based_testing","47263373","","5223","20170704194306"
"1330","Wilma_(software)","47559547","","5008","20170924185206"
"1331","Stripped_binary","47618653","","1003","20170727014800"
"1332","Sri_Lanka_Software_Testing_Board","47661580","","4733","20171014111454"
"1333","ATILA","47755572","","908","20170727031115"
"1334","Centre_for_Cybersecurity_&_Cybercrime_Investigation","47871352","","5458","20171023114027"
"1335","DIT_School_of_Electrical_&_Electronic_Engineering","47872053","","13008","20171019040729"
"1336","HtmlUnit","48131306","","5840","20170925001738"
"1337","Spike_(software_development)","48133344","","1544","20171004005417"
"1338","Polyglot_persistence","48214291","","2367","20170806104257"
"1339","Runscope","48444963","","4468","20171018222302"
"1340","Military_Scenario_Definition_Language","48467716","","1094","20161206235539"
"1341","XcodeGhost","48467799","","16399","20170924045054"
"1342","ISO/IEC_33001","48480713","","2430","20171020172347"
"1343","DBMaestro","48507357","","4763","20171030165332"
"1344","Understand_(software)","48730857","","4572","20171013170101"
"1345","Automatic_bug_fixing","48892446","","25520","20171024180435"
"1346","Bidji","48923021","","1123","20171013184732"
"1347","MetaDONE","48945957","","1075","20160703142407"
"1348","Dansk_Datamatik_Center","49030177","","29848","20171014175036"
"1349","Asynchrony_(computer_programming)","49031794","","3225","20170921093543"
"1350","Ghana_Code_Club","49092909","","5973","20171014175036"
"1351","Weissman_score","49223421","","5110","20170829071853"
"1352","Software_durability","49250015","","1442","20170811120230"
"1353","AC_20-115","49274252","","2473","20170121105056"
"1354","Geocoder_(Ruby)","49274271","","7303","20171013214103"
"1355","Software_trustworthiness","49424078","","549","20170902235246"
"1356","Human_Trust_for_Serviceability","49424429","","670","20170811120230"
"1357","Ratmir_Timashev","49598544","","7990","20171020020726"
"1358","National_Computer_Rank_Examination","49606488","","722","20170916195853"
"1359","Subunit_(format)","49695068","","2538","20170209214202"
"1360","Hierarchical_software_models","49755421","","641","20170707101642"
"1361","Software_architectural_style","49755666","","634","20170928180028"
"1362","International_Conference_on_Human-Robot_Interaction","49861676","","1116","20170819135941"
"1363","DevOps_toolchain","49944721","","9297","20171021002918"
"1364","Site_reliability_engineering","49946142","","3770","20170919175312"
"1365","Tricentis","49992752","","8718","20171018215700"
"1366","Architecturally_significant_requirements","50023866","","7051","20170110162654"
"1367","Menthor_Editor","50154587","","6006","20170904222300"
"1368","Drop-in_replacement","50282077","","904","20170728021327"
"1369","Homeboyz_Interactive","50346132","","5480","20171024163823"
"1370","Coala_(software)","50409863","","4803","20170906033612"
"1371","Energy_modeling","50413747","","35287","20171015064334"
"1372","Domain_Range_Ratio_(DRR)","50425980","","2553","20170608220625"
"1373","WinOps","50734361","","5651","20170906195532"
"1374","Roofline_model","50880861","","16085","20170912141712"
"1375","Vue.js","50978621","","13171","20171102142200"
"1376","Libraries.io","51088515","","2117","20171015074108"
"1377","Information_oriented_software_development","51114899","","1742","20170120075657"
"1378","Ixi_lang","51334500","","4801","20170827101950"
"1379","Gary_Yost","51363131","","14816","20170928123039"
"1380","Certifying_algorithm","51386092","","4882","20170120075833"
"1381","Object_point","51395548","","1418","20170120075901"
"1382","Architectural_decision","51399699","","10751","20170924021049"
"1383","OpenWebRTC","51467278","","3993","20171014060105"
"1384","ABC_Software_Metric","51512079","","11452","20171025182342"
"1385","Fork_and_pull_model","51534689","","1564","20170828145456"
"1386","Mass-assignment_protection","51609856","","6350","20170708181635"
"1387","Maveric_Systems","51615107","","9848","20171009115136"
"1388","Algoid_(programming_language)","51636986","","1726","20170823124933"
"1389","Recursive_transcompiling","51717632","","2425","20170608131812"
"1390","Derivative_code","51717770","","1453","20170121130511"
"1391","Stanza_(computing)","51846059","","2767","20170708205939"
"1392","Software_Development_Security","51911151","","6589","20170630232718"
"1393","Appium","51954801","","2366","20171022104358"
"1394","Privatization_(computer_programming)","52020456","","18949","20170908142241"
"1395","IET_Software","52075391","","3600","20170918222309"
"1396","Software_&_Microsystems","52075427","","402","20170919115215"
"1397","Software_Engineering_Journal","52075443","","360","20170919115215"
"1398","IEE_Proceedings_-_Software","52075473","","360","20170919115215"
"1399","Information_and_Software_Technology","52075845","","2529","20170917004023"
"1400","Toi_(programming_language)","52078022","","14434","20170514155608"
"1401","Tore_Dybå","52107489","","5464","20170723152928"
"1402","GlTF","52250745","","13196","20171030175134"
"1403","Code_Words","52406649","","2907","20170121131742"
"1404","Documentation_testing","52507690","","3831","20170727090412"
"1405","CI/CD","52692958","","220","20170701032624"
"1406","FreeCodeCamp","52809488","","11212","20171018191444"
"1407","Low-code_development_platforms","52977719","","10878","20171003005559"
"1408","Dat_(software)","52996254","","3734","20171009015546"
"1409","Buddy_(software)","53055761","","5916","20170901210603"
"1410","WebGPU","53134973","","1999","20170819082818"
"1411","RedMonk","53180451","","3678","20170709184011"
"1412","Brownout_(software_engineering)","53231843","","4556","20170814190402"
"1413","Scandiweb","53258148","","5790","20170807010400"
"1414","Asynchronous_procedure_call","53345935","","631","20170920045250"
"1415","Bayesian_Program_Synthesis","53394437","","4272","20171028034400"
"1416","Software_testing_tactics","53489871","","37647","20171023164509"
"1417","ISO/IEC_90003","53557296","","1649","20171002173210"
"1418","Event_storming","53706715","","3332","20170928173154"
"1419","Tricentis_Tosca","53716099","","4559","20170809130444"
"1420","Model-driven_application","53720524","","2880","20170927122611"
"1421","InspectIT","53886626","","5289","20171014141218"
"1422","Global_Offset_Table","53931502","","1159","20170921200945"
"1423","Bitpit","54061840","","4828","20170929221352"
"1424","Communication_in_Distributed_Software_Development","54305815","","29452","20170921081729"
"1425","Infer_Static_Analyzer","54467601","","7675","20170825013029"
"1426","Differential_testing","54533486","","8591","20171003161736"
"1427","Spire_Digital","55475808","","2841","20171020115633"
"1428","David_Joiner","55527280","","5475","20171027083633"
